hospital;percentual_dentro_sla_48h
HMRP;83.33333333333334
HEFM;74.19354838709677
HNSC;52.0
